{"cameraMode":{"drawMode":0,"name":"Shaded","section":"Shading Mode"},"sceneLighting":true,"audioPlay":false,"sceneViewState":{"m_AlwaysRefresh":false,"showFog":true,"showSkybox":true,"showFlares":true,"showImageEffects":true,"showParticleSystems":true,"showVisualEffectGraphs":true,"m_FxEnabled":true},"in2DMode":false,"pivot":{"x":49.30207824707031,"y":-61.057430267333987,"z":-5.368931770324707},"rotation":{"x":-0.5243856310844421,"y":-0.027578089386224748,"z":0.016999395564198495,"w":-0.8508802652359009},"size":47.311073303222659,"orthographic":true}