{"cameraMode":{"drawMode":0,"name":"Shaded","section":"Shading Mode"},"sceneLighting":true,"audioPlay":false,"sceneViewState":{"m_AlwaysRefresh":false,"showFog":true,"showSkybox":true,"showFlares":true,"showImageEffects":true,"showParticleSystems":true,"showVisualEffectGraphs":true,"m_FxEnabled":true},"in2DMode":false,"pivot":{"x":47.51547622680664,"y":-32.52013397216797,"z":-134.21463012695313},"rotation":{"x":-0.0017680586315691472,"y":0.9385219812393189,"z":-0.3452479839324951,"w":-0.004786075558513403},"size":89.99037170410156,"orthographic":false}