{"cameraMode":{"drawMode":0,"name":"Shaded","section":"Shading Mode"},"sceneLighting":true,"audioPlay":false,"sceneViewState":{"m_AlwaysRefresh":false,"showFog":true,"showSkybox":true,"showFlares":true,"showImageEffects":true,"showParticleSystems":true,"showVisualEffectGraphs":true,"m_FxEnabled":true},"in2DMode":false,"pivot":{"x":0.5384954214096069,"y":9.715826034545899,"z":-0.6130552291870117},"rotation":{"x":0.30154404044151308,"y":-0.000004496895144256996,"z":7.824415888535441e-7,"w":0.9534580707550049},"size":4.444257736206055,"orthographic":false}