{"cameraMode":{"drawMode":0,"name":"Shaded","section":"Shading Mode"},"sceneLighting":true,"audioPlay":false,"sceneViewState":{"m_AlwaysRefresh":false,"showFog":true,"showSkybox":true,"showFlares":true,"showImageEffects":true,"showParticleSystems":true,"showVisualEffectGraphs":true,"m_FxEnabled":true},"in2DMode":false,"pivot":{"x":-2.0847420692443849,"y":1.4672257900238038,"z":-0.7794591784477234},"rotation":{"x":-0.026448003947734834,"y":-0.3960637152194977,"z":0.011413207277655602,"w":-0.9177734851837158},"size":2.382842540740967,"orthographic":false}